iter	RMSE
0	0.9536770942
1	0.944382018
2	0.9351708846
3	0.9260398435
4	0.9170190895
5	0.9080833754
6	0.8992446483
7	0.8904835706
8	0.8818397849
9	0.8732520636
10	0.8647617687
11	0.85635933
12	0.8480230994
13	0.8397874545
14	0.831641136
15	0.8235722178
16	0.815577952
17	0.8076556867
18	0.7998213993
19	0.7920663903
20	0.7843728254
21	0.7767711281
22	0.7692446579
23	0.7617940721
24	0.7544194098
25	0.7471038527
26	0.7398716105
27	0.7327129952
